прайс,поставщик
"‼️HI‼️, [09.12.2024 17:23]",HI
🎧AirPods 🎧,HI
━─━─━─━─━─━─━─━,HI
,HI
🎧AirPods MAX Gray  44000,HI
🎧AirPods MAX Blue   44000,HI
🎧AirPods MAX Green   44400,HI
🎧AirPods MAX Pink   44400,HI
,HI
🎧AirPods MAX (USB-C) Midnight   50900,HI
🎧AirPods MAX (USB-C) Blue  50900,HI
🎧AirPods MAX (USB-C) Purple   52000,HI
🎧AirPods MAX (USB-C) Orange   52000,HI
,HI
🎧AirPods 2   8300,HI
(От 10шт )  8100,HI
,HI
🎧 AirPods 3 Lighting  11200,HI
(От 10шт )  11000,HI
,HI
🎧AirPods 4   12200,HI
(От 10шт )  12000,HI
,HI
🎧AirPods 4  ANC 15800,HI
,HI
🎧AirPods Pro 2 TYPE-C  18600,HI
(От 10шт )  18400,HI
,HI
━─━─━─━─━─━─━─━,HI
,HI
"‼️HI‼️, [09.12.2024 18:14]",HI
⌚️ Watch ⌚️,HI
━─━─━─━─━─━─━─━,HI
,HI
━─━─━─≪SE 2≫─━─━─━,HI
-2023,HI
,HI
SE2 40 Black SB (S/M) 🇺🇸 17300 🚕,HI
SE2 40 Starlight SB (S/M) 🇺🇸 17600 🚕,HI
SE2 40 Silver State Blue (M/L) 🇺🇸 17600,HI
,HI
SE2 44 Midnight SB (M/L) 🇺🇸 20000,HI
SE2 44 Midnight SB (S/M) 🇺🇸 20000,HI
SE2 44 Silver Winter Blue SB (M/L) 2023 🇺🇸 20300,HI
,HI
━─━─━─≪SE 2≫─━─━─━,HI
-2024,HI
,HI
SE2 40 Black SB (S/M) 2024 🇺🇸 17700,HI
,HI
SE2 44 Midnight SB (S/M) 2024 🇺🇸 20500,HI
SE2 44 Midnight SB (M/L) 2024 🇺🇸 20500,HI
SL- Sport Loop (Нейлон),HI
SB- Sport Band (Силикон),HI
,HI
━─━─━─≪S9≫─━─━─━,HI
,HI
S9 45 Midnight (S/M) 🇺🇸 29900 🚕,HI
S9 45 Silver (S/M) 🇺🇸 31000,HI
S9 45 Silver (M/L) 🇺🇸 31000,HI
,HI
SE2 40/S8 41        SE2 44/S8 45,HI
( S/M ) 130 -180    ( S/M ) 140 -,HI
( M/L ) 150 -200    ( M/L ) 160 -,HI
( X/L ) 195 -,HI
,HI
━─━─━─≪S10≫─━─━─━,HI
,HI
S10 42 Jet Black (M/L) 🇺🇸 35300,HI
S10 42 Silver (M/L) 🇺🇸 36400,HI
S10 42 Silver (M/L) Pure Platinum Nike SB 🇺🇸 36200,HI
S10 42 Jet Black (M/L) Midnight Sky Nike SB 🇺🇸 36200,HI
,HI
S10 46 Jet Black (M/L) 🇺🇸 37800,HI
S10 46 Rose Gold (S/M) 🇺🇸 38300,HI
S10 46 Rose Gold Plum SL 🇺🇸 38000,HI
S10 46 Silver (M/L) 🇺🇸 38500,HI
S10 46 Silver (S/M) 🇺🇸 38500,HI
S10 46 Rose Gold (M/L) 🇺🇸 38000,HI
,HI
─━─━─≪  ULTRA  ≫─━─━─,HI
,HI
UL 2 Olive - AL (S) 🇺🇸 68000,HI
UL 2 Olive - AL (M) 🇺🇸 68000,HI
UL 2 Blue Black - TL (S/M) 🇺🇸 68000,HI
,HI
UL 2 Natural / Tan AL S (2024) 🇺🇸 75500,HI
UL 2 Black / Dark Green AL S (2024) 🇺🇸 74800,HI
UL 2 Black / Dark Green AL M (2024) 🇺🇸 74000 🚕,HI
,HI
Ремешки                 Размер,HI
AL - Alpine Loop       ( S ) 130 -,HI
BL - Beige TL            ( M ) 145 -,HI
TL - Trail Loop           ( L ) 165 -,HI
OB - Ocean Band,HI
( Один размер ),HI
,HI
💿 PS5 - LIKE A DRAGON:ISHIN 1500,HI
,HI
🎮 Sony Dual Sense Black  6900,HI
🎮 Sony Dual Sense White  6900,HI
🎮 Sony Dual Sense Red 6900,HI
,HI
━─━─━─━─━─━─━─━,HI
,HI
"‼️HI‼️, [09.12.2024 18:14]",HI
📂 iPad 📂,HI
━─━─━─━─━─━─━─━,HI
,HI
⌨️ Keyboard ⌨️,HI
,HI
⌨️12.9 Folio (MXNL2) 🇺🇸 21000,HI
,HI
…………………………………………….......,HI
📂 iPad  10 📂,HI
2️⃣0️⃣2️⃣2️⃣,HI
,HI
iPad 10 256 Blue Wi-Fi 🇺🇸 42800,HI
,HI
📂 iPad  MINI 6 📂,HI
,HI
MINI 6 256 Silver LTE 🇺🇸 73500,HI
MINI 6 256 Pink LTE 🇺🇸 73500,HI
,HI
📂 iPad  AIR 5 📂,HI
2️⃣0️⃣2️⃣2️⃣,HI
,HI
AIR 5 64 Gray Wi-Fi 🇺🇸 44300,HI
AIR 5 64 Blue Wi-Fi 🇺🇸 44300,HI
,HI
📂 iPad  AIR M2 📂,HI
2️⃣0️⃣2️⃣4️⃣,HI
,HI
AIR 11 M2 256 Gray Wi-Fi 🇺🇸 67000 🚕,HI
,HI
📂 iPad  PRO 📂,HI
2️⃣0️⃣2️⃣4️⃣ M4,HI
,HI
─━─━─≪1️⃣1️⃣≫─━─━─,HI
,HI
PRO 11 M4 256 Black  Wi-Fi 🇺🇸 91500,HI
PRO 11 M4 256 Silver Wi-Fi 🇺🇸 91500,HI
,HI
─━─━─≪1️⃣3️⃣≫─━─━─,HI
,HI
PRO 13 M4 256 Black  Wi-Fi 🇺🇸 123000,HI
PRO 13 M4 256 Black  LTE 🇺🇸 129500,HI
PRO 13 M4 256 Silver LTE 🇺🇸 132500,HI
,HI
━─━─━─━─━─━─━─━,HI
,HI
"‼️HI‼️, [09.12.2024 18:14]",HI
💻 Mac 💻,HI
━─━─━─━─━─━─━─━,HI
,HI
🖥  iMac  🖥,HI
( M1 / 8GPU / 8 / 512 / 2021 ),HI
,HI
🖥 iMac 24 (MGPL3) Blue  135000,HI
,HI
─━─≪  MacBook Air 13  ≫─━─,HI
( M2 / 16 / 256 / 2024 ),HI
,HI
💻Air 13  (MC7X4) Midnight  84000,HI
,HI
─━─≪  MacBook Air 13  ≫─━─,HI
( M3 / 16/ 256 / 2024 ),HI
,HI
💻Air 13  (MC8K4) Midnight  97500,HI
,HI
,HI
─━─≪  MacBook Pro 14  ≫─━─,HI
( M3 Pro / 18 / 512 / 2023 ),HI
,HI
💻 Pro 14 (MRX33) Space Black  163500,HI
💻 Pro 14 (MRX63) Silver  165500,HI
,HI
─━─≪  MacBook Pro 16  ≫─━─,HI
( M3 Max / 128 / 8TB / 2023 ),HI
,HI
💻 Pro 16 (Z1CM000M9) Space Black   720000,HI
,HI
━─━─━─━─━─━─━─━,HI
,HI
"‼️HI‼️, [09.12.2024 18:14]",HI
 11 ,HI
━─━─━─━─━─━─━─━,HI
,HI
♦️♦️        11       ♦️♦️,HI
,HI
11 64 Black 🇦🇪(Slim)  32800,HI
11 64 White 🇦🇪(Slim)  33700,HI
,HI
━─━─━─━─━─━─━─━,HI
,HI
"‼️HI‼️, [09.12.2024 18:15]",HI
 12 ,HI
━─━─━─━─━─━─━─━,HI
,HI
🔸🔸     12 MINI     🔸🔸,HI
,HI
12 Mini 64 White 🇺🇸  43500,HI
12 Mini 64 Red🇯🇵 43000,HI
12 Mini 64 Blue🇯🇵 43500,HI
,HI
🔸🔸      12       🔸🔸,HI
,HI
12 64 Black 🇦🇪 36800,HI
12 64 White 🇦🇪 36800 🚙,HI
12 64 Purple 🇦🇪 36800,HI
12 64 Green 🇦🇪 36400,HI
,HI
12 128 Black 🇦🇪 39500 🚙,HI
12 128 Purple🇦🇪 39300 🚙,HI
12 128 Green 🇦🇪 41300 🚙,HI
,HI
12 256 Purple 🇨🇳 49500,HI
,HI
━─━─━─━─━─━─━─━,HI
,HI
"‼️HI‼️, [09.12.2024 18:15]",HI
 13 ,HI
━─━─━─━─━─━─━─━,HI
,HI
⚜️⚜️   13   ⚜️⚜️,HI
,HI
13 128 Midnight 🇮🇳 45600 🚙,HI
13 128 Green 🇮🇳 44800 🚙,HI
13 128 Blue 🇮🇳 45500 🚙,HI
,HI
13 256 Red 🇦🇪 59700,HI
13 256 Pink 🇮🇳 62400 🚕,HI
,HI
13 512 Red🇦🇪 60900 🚕,HI
13 512 Pink🇯🇵 65800,HI
13 512 Green 🇦🇪 61700 🚙,HI
,HI
━─━─━─━─━─━─━─━,HI
,HI
"‼️HI‼️, [09.12.2024 18:15]",HI
 14 ,HI
━─━─━─━─━─━─━─━,HI
,HI
🌐🌐     14     🌐🌐,HI
,HI
14 128 Red  🇦🇪 50900 🚙,HI
14 128 Yellow 🇮🇳 50900 🚙,HI
,HI
14 256 Red  🇦🇪 69500,HI
14 256 Purple  🇦🇪 68400,HI
14 256 Blue 🇦🇪 68000 🚙,HI
14 256 Yellow 🇦🇪 67500,HI
,HI
14 512 Midnight 🇦🇪 74500,HI
14 512 Starlight 🇦🇪 74000 🚙,HI
14 512 Red  🇦🇪 74000,HI
14 512 Blue  🇦🇪 74000,HI
14 512 Yellow 🇦🇪 74000,HI
,HI
🌐🌐     14 PLUS    🌐🌐,HI
,HI
14 Plus 128 Yellow 🇦🇪 59500,HI
14 Plus 128 Yellow 🇯🇵 59400 🚙,HI
,HI
14 Plus  512 Red 🇯🇵 70500,HI
14 Plus  512 Yellow 🇦🇪 70500,HI
,HI
🔥🔥  14 Pro Max  🔥🔥,HI
,HI
14 Pro Max 512 Gold 🇮🇳 110000,HI
,HI
━─━─━─━─━─━─━─━,HI
,HI
"‼️HI‼️, [09.12.2024 18:15]",HI
 15 ,HI
━─━─━─━─━─━─━─━,HI
,HI
📱📱     15     📱📱,HI
,HI
15 128 Midnight 🇮🇳  62100,HI
15 128 Pink 🇮🇳  62300  🚙,HI
15 128 Blue 🇮🇳  64000,HI
15 128 Green 🇮🇳  62300,HI
,HI
15 256 Midnight 🇮🇳  73100  🚘,HI
15 256 Pink 🇮🇳  73900  🚕,HI
15 256 Blue 🇦🇪  72900  🚕,HI
15 256 Green 🇦🇪  72500,HI
,HI
📱📱     15 PLUS    📱📱,HI
,HI
15 Plus 128 Midnight 🇦🇪  67100,HI
15 Plus 128 Pink🇮🇳  66500,HI
,HI
15 Plus  512 Midnight 🇦🇪  98000,HI
,HI
🪩🪩  15 Pro  🪩🪩,HI
,HI
15 Pro 128 White 🇦🇪  90600,HI
15 Pro 128 Blue 🇦🇪  90600,HI
15 Pro 128 Natural 🇦🇪  94700,HI
,HI
,HI
🪩🪩  15 Pro Max  🪩🪩,HI
,HI
15 Pro Max 256 Blue 🇦🇪  101700  🚙,HI
15 Pro Max 256 Natural 🇦🇪  101400,HI
,HI
━─━─━─━─━─━─━─━,HI
,HI
"‼️HI‼️, [09.12.2024 18:15]",HI
 16 ,HI
━─━─━─━─━─━─━─━,HI
,HI
 ⚫️  ⚫️      16      ⚫️  ⚫️ ,HI
,HI
16 128 White 🇮🇳 70000,HI
16 128 Pink 🇮🇳 70100,HI
16 128 Teal 🇮🇳 69500,HI
,HI
16 256 Black 🇦🇪 81500 🚙,HI
16 256 White 🇦🇪 81500 🚙,HI
16 256 Pink 🇦🇪 82300,HI
16 256 Teal 🇦🇪 81500,HI
16 256 Ultramarine 🇦🇪 81500 🚙,HI
,HI
 ⚫️  ⚫️      16 PLUS     ⚫️  ⚫️ ,HI
,HI
16 Plus  128 Black 🇮🇳 81900,HI
16 Plus  128 White 🇮🇳 82400,HI
16 Plus  128 Teal 🇦🇪 82500,HI
16 Plus  128 Ultramarine 🇦🇪 82500,HI
,HI
 🫧  🫧   16 Pro   🫧  🫧 ,HI
,HI
16 Pro 128 Black 🇦🇪 95700,HI
16 Pro 128 White 🇦🇪 95500,HI
16 Pro 128 Natural 🇦🇪 95800,HI
16 Pro 128 Desert 🇯🇵 95900,HI
,HI
16 Pro 256 Black 🇯🇵 104000 🚙,HI
16 Pro 256 White 🇯🇵 104200,HI
16 Pro 256 Natural 🇯🇵 103800 🚙,HI
16 Pro 256 Desert 🇯🇵 104100 🚙,HI
,HI
16 Pro 512 White 🇯🇵 118000 🚙,HI
16 Pro 512 Natural 🇯🇵  120300 🚘,HI
,HI
 🫧  🫧   16 Pro Max  🫧  🫧 ,HI
,HI
16 Pro Max 256 Black 🇯🇵 113500 🚙,HI
16 Pro Max 256 White 🇦🇪 114400,HI
16 Pro Max 256 Natural 🇦🇪 113700 🚙,HI
16 Pro Max 256 Desert 🇦🇪 114400 🚙,HI
,HI
16 Pro Max 1TB White 🇯🇵 151800 🚘,HI
16 Pro Max 1TB Natural 🇯🇵 151200 🚙,HI
,HI
━─━─━─━─━─━─━─━,HI
"MiHonor Оптом Apple Samsung Xiaomi, [28.01.2025 8:15]",MiHonor
👑🔠🔠🔠🔠🔠🔠🔠 🔠🔠🔠 ✅             ,MiHonor
Оптом Apple Samsung Xiaomi:,MiHonor
,MiHonor
,MiHonor
,MiHonor
                                 Доброе утро,MiHonor
Все телефоны в наличии,MiHonor
Продаем  миксом от 10шт  ,MiHonor
,MiHonor
————————————————————,MiHonor
Планшеты,MiHonor
————————————————————,MiHonor
🇪🇺REDMI PAD SE 8.7 WI-FI 6+128GB GREEN 13000₽,MiHonor
🇪🇺REDMI PAD SE 8.7 WI-FI 6+128GB BLUE 13000₽,MiHonor
🇬🇧REDMI PAD SE 8.7 WI-FI 6+128GB GRAY 13000₽5,MiHonor
————————————————————,MiHonor
🇨🇳SAMSUNG TAB A9 SM-X110 4+64GB SILVER 10600₽,MiHonor
🇨🇳SAMSUNG TAB A9 SM-X110 4+64GB GRAPHITE 10600₽,MiHonor
🇨🇳SAMSUNG TAB A9 SM-X110 4+64GB NAVY 10600₽,MiHonor
————————————————————,MiHonor
🇨🇳SAMSUNG TAB A9 SM-X110 8+128GB SILVER 12900₽,MiHonor
🇨🇳SAMSUNG TAB A9 SM-X110 8+128GB NAVY 12900₽,MiHonor
🇨🇳SAMSUNG TAB A9 SM-X110 8+128GB GRAPHITE 12900₽,MiHonor
————————————————————,MiHonor
🇨🇳SAMSUNG TAB A9 SM-X115 8+128GB SILVER 15900₽,MiHonor
🇨🇳SAMSUNG TAB A9 SM-X115 8+128GB NAVY 15900₽,MiHonor
🇨🇳SAMSUNG TAB A9 SM-X115 8+128GB GRAPHITE 15900₽,MiHonor
————————————————————,MiHonor
🇨🇳SAMSUNG A9 PLUS SM-X210 8+128GB NAVY 20500₽,MiHonor
🇨🇳SAMSUNG A9 PLUS SM-X210 8+128GB GRAPHITE 20500₽,MiHonor
🇨🇳SAMSUNG A9 PLUS SM-X210 8+128GB SILVER 20500₽,MiHonor
————————————————————,MiHonor
🇨🇳SAMSUNG A9 PLUS 5G SM-X216B 8+128GB NAVY 22000₽8,MiHonor
🇨🇳SAMSUNG A9 PLUS 5G SM-X216B 8+128GB GRAPHITE 22000₽4,MiHonor
🇨🇳SAMSUNG A9 PLUS 5G SM-X216B 8+128GB SILVER 22000₽9,MiHonor
————————————————————,MiHonor
🇯🇵GOOGLE PIXEL 7A 128GB SEA 29900₽2,MiHonor
————————————————————,MiHonor
🇺🇸GOOGLE PIXEL 7 PRO 128GB SNOW US 40200₽9,MiHonor
🇺🇸GOOGLE PIXEL 7 PRO 128GB OBSIDIAN US 40200₽8,MiHonor
🇺🇸GOOGLE PIXEL 7 PRO 128GB HAZEL US 40200₽,MiHonor
————————————————————,MiHonor
🇺🇸GOOGLE PIXEL 7 PRO 256GB OBSIDIAN US  42700₽5,MiHonor
🇺🇸GOOGLE PIXEL 7 PRO 256GB SNOW US 42700₽8,MiHonor
————————————————————,MiHonor
🇨🇦Google Pixel 9 12/256Gb Porcelain  70000₽4,MiHonor
🇺🇸Google Pixel 9 12/256Gb Obsidian 70000₽4,MiHonor
🇺🇸Google Pixel 9 12/256Gb Peony 70000₽2,MiHonor
🇺🇸Google Pixel 9 12/256Gb Porcelain 70000₽2,MiHonor
————————————————————,MiHonor
🇨🇦Google Pixel 9 PRO 16/128Gb Porcelain 78000₽7,MiHonor
🇨🇦Google Pixel 9 PRO 16/128Gb OBSIDIAN 78000₽3,MiHonor
————————————————————,MiHonor
🇯🇵Google Pixel 9 PRO 16/256Gb Hazel 97000₽7,MiHonor
🇨🇦Google Pixel 9 PRO 16/256Gb,MiHonor
Obsidian 97000₽5,MiHonor
🇨🇦Google Pixel 9 PRO 16/256Gb,MiHonor
Rose Quartz 97000₽6,MiHonor
🇺🇸Google Pixel 9 PRO 16/256Gb,MiHonor
Rose Quartz 97000₽2,MiHonor
————————————————————,MiHonor
🇺🇸GOOGLE PIXEL 9 PRO XL 128GB OBSIDDIAN 84500₽,MiHonor
————————————————————,MiHonor
🇷🇺INOI A72 4G 4+128GB PURPLE 5640₽,MiHonor
🇷🇺INOI A72 4G 4+128GB GRAY 5640₽8,MiHonor
————————————————————,MiHonor
                            *SAMSUNG*,MiHonor
————————————————————,MiHonor
🇮🇳SAMSUNG F15 4+128GB GREEN 14000₽,MiHonor
🇮🇳SAMSUNG F15 4+128GB PURPLE 14000₽,MiHonor
🇮🇳SAMSUNG F15 4+128GB BLACK 14000₽,MiHonor
————————————————————,MiHonor
🇮🇳SAMSUNG M35 6+128GB DARK BLUE  17800₽,MiHonor
🇮🇳SAMSUNG M35 6+128GB BLUE 17800₽,MiHonor
🇮🇳SAMSUNG M35 6+128GB GRAY 17800₽,MiHonor
————————————————————,MiHonor
🇮🇳SAMSUNG M55 5G 8+256GB GREEN 28000₽9,MiHonor
————————————————————,MiHonor
🇮🇳SAMSUNG M55S 5G 8+128GB BLACK 23500₽,MiHonor
🇮🇳SAMSUNG M55S 5G 8+128GB GREEN 23500₽,MiHonor
————————————————————,MiHonor
🇮🇳SAMSUNG M55S 5G 8+256GB BLACK 28500₽,MiHonor
🇮🇳SAMSUNG M55S 5G 8+256GB GREEN 28500₽,MiHonor
————————————————————,MiHonor
🇮🇳SAMSUNG F55 8+256GB BLACK  25500₽,MiHonor
🇮🇳SAMSUNG F55 8+256GB ORANGE  25500₽1,MiHonor
————————————————————,MiHonor
🇨🇳SAMSUNG A06 6+128GB LIGHT BLUE 11000₽,MiHonor
🇨🇳SAMSUNG A06 6+128GB GOLD 11000₽,MiHonor
————————————————————,MiHonor
🇻🇳SAMSUNG A15 4+128GB YELLOW 13850₽,MiHonor
————————————————————,MiHonor
🇻🇳SAMSUNG A15 6 128GB BLUE 14200₽,MiHonor
🇻🇳SAMSUNG A15 6 128GB BLACK 14200₽,MiHonor
🇻🇳SAMSUNG A15 6 128GB YELLOW  14200₽,MiHonor
————————————————————,MiHonor
🇲🇾SAMSUNG A15 8 256GB YELLOW 16500₽,MiHonor
————————————————————,MiHonor
🇻🇳SAMSUNG A16 4 128GB BLACK  13000₽,MiHonor
🇻🇳SAMSUNG A16 4 128GB GRAY  13000₽,MiHonor
🇻🇳SAMSUNG A16 4 128GB GREEN 13000₽,MiHonor
————————————————————,MiHonor
🇻🇳SAMSUNG A16 6 128GB GREEN 14800₽,MiHonor
————————————————————,MiHonor
🇻🇳SAMSUNG A16 8 256GB GREEN 16800₽,MiHonor
🇻🇳SAMSUNG A16 8 256GB GRAY 16900₽,MiHonor
🇻🇳SAMSUNG A16 8 256GB BLACK 16600₽,MiHonor
🇰🇿SAMSUNG A16 8 256GB GRAY 16800₽,MiHonor
————————————————————,MiHonor
🇮🇳SAMSUNG A25 6 128 LIGHT BLUE  17700₽,MiHonor
🇻🇳SAMSUNG A25 6 128 LIGHT BLUE 17700₽,MiHonor
————————————————————,MiHonor
🇮🇳SAMSUNG A25 8 256 LIGHT BLUE 20700₽,MiHonor
🇮🇳SAMSUNG A25 8 256 BLACK 20700₽,MiHonor
————————————————————,MiHonor
🇻🇳SAMSUNG A35 8 256GB LEMON 24200₽,MiHonor
————————————————————,MiHonor
🇻🇳SAMSUNG A55 8+128GB YELLOW 28100₽,MiHonor
,MiHonor
"MiHonor Оптом Apple Samsung Xiaomi, [28.01.2025 8:15]",MiHonor
🇻🇳SAMSUNG A55 8 128GB BLACK 28100₽,MiHonor
🇻🇳SAMSUNG A55 8 128GB LEMON 28100₽,MiHonor
————————————————————,MiHonor
🇮🇳SAMSUNG A55 12+256GB BLUE 31900₽,MiHonor
🇮🇳SAMSUNG A55 12+256GB LILAC 31400₽,MiHonor
————————————————————,MiHonor
🇻🇳SAMSUNG S21 FE 5G 8+128GB OLIVE 25800₽1,MiHonor
————————————————————,MiHonor
🇮🇳SAMSUNG S23 FE 8+128GB GRAPHITE 34000₽,MiHonor
🇮🇳SAMSUNG S23 FE 8+128GB MINT 34000₽,MiHonor
———————————————————,MiHonor
🇻🇳SAMSUNG S23 ULTRA 12+256GB BLACK 67500₽,MiHonor
————————————————————,MiHonor
🇻🇳SAMSUNG S24 FE 8+512GB GRAY 55900₽,MiHonor
🇻🇳SAMSUNG S24 FE 8+512GB BLUE 55900₽,MiHonor
🇻🇳SAMSUNG S24 FE 8+512GB GRAPHITE 55900₽,MiHonor
————————————————————,MiHonor
🇻🇳SAMSUNG S24 8+128GB GRAY 53500₽7,MiHonor
————————————————————,MiHonor
🇻🇳SAMSUNG S24 PLUS 12+256GB BLACK 69000₽2,MiHonor
🇻🇳SAMSUNG S24 PLUS 12+256GB YELLOW 69000₽,MiHonor
————————————————————,MiHonor
🇻🇳SAMSUNG S24 ULTRA 12+256GB GRAY 80500₽,MiHonor
🇻🇳SAMSUNG S24 ULTRA 12+256GB YELLOW 80500₽5,MiHonor
🇻🇳SAMSUNG S24 ULTRA 12+256GB BLACK  80500₽,MiHonor
———————————————————,MiHonor
🇻🇳SAMSUNG S24 ULTRA 12+512GB BLACK 93500₽,MiHonor
🇻🇳SAMSUNG S24 ULTRA 12+512GB GRAY 93300₽,MiHonor
🇻🇳SAMSUNG S24 ULTRA 12+512GB VIOLET 93300₽,MiHonor
————————————————————,MiHonor
                   📱*REDMI*📱,MiHonor
————————————————————,MiHonor
🇷🇺REDMI A3X 3+64GB WHITE 5000₽,MiHonor
————————————————————,MiHonor
🇷🇺REDMI A3 4+128GB BLUE 6000₽,MiHonor
————————————————————,MiHonor
🇷🇺REDMI 12 8+256GB BLUE 10100₽,MiHonor
————————————————————,MiHonor
🇷🇺REDMI 13 6+128GB GOLD 10200₽,MiHonor
————————————————————,MiHonor
🇷🇺REDMI 14C 4+128GB BLUE 8700₽,MiHonor
🇷🇺REDMI 14C 4+128GB GREEN 8700₽,MiHonor
————————————————————,MiHonor
🇷🇺REDMI 14C 8+256GB BLACK 10300₽,MiHonor
🇷🇺REDMI 14C 8+256GB BLUE 10300₽,MiHonor
🇷🇺REDMI 14C 8+256GB GREEN 10300₽,MiHonor
————————————————————,MiHonor
🇷🇺MI 12 LITE 8+128GB PINK  15700₽,MiHonor
————————————————————,MiHonor
📱 *NOTE* **NEW**📱,MiHonor
🆕🆕🆕🆕🆕🆕🆕🆕🆕🆕🆕,MiHonor
———————————————————,MiHonor
🇷🇺NOTE 14 8+128GB OCEAN BLUE 16700₽,MiHonor
🇷🇺NOTE 14 8+128GB LIME GREEN 16700₽,MiHonor
———————————————————,MiHonor
🇷🇺NOTE 14 8+256GB OCEAN BLUE 17700₽6,MiHonor
🇷🇺NOTE 14 8+256GB LIME GREEN 17700₽,MiHonor
———————————————————,MiHonor
🇪🇺NOTE 14 PRO 8+256GB PURPLE 25500₽,MiHonor
🇷🇺NOTE 14 PRO 8+256GB BLACK 25500₽,MiHonor
🇷🇺NOTE 14 PRO 8+256GB OCEAN BLUE 25500₽4,MiHonor
———————————————————,MiHonor
🇷🇺NOTE 14 PRO 12+256GB PURPLE 28900₽,MiHonor
———————————————————,MiHonor
🇷🇺NOTE 14 PRO 12+512GB BLACK 29900₽,MiHonor
🇷🇺NOTE 14 PRO 12+512GB OCEAN BLUE 29900₽,MiHonor
🇷🇺NOTE 14 PRO 12+512GB PURPLE 29900₽,MiHonor
———————————————————,MiHonor
🇪🇺NOTE 14 PRO + 5G 8+256GB BLACK 35000₽,MiHonor
🇪🇺NOTE 14 PRO + 5G 8+256GB BLUE 35000₽,MiHonor
🇪🇺NOTE 14 PRO + 5G 8+256GB PURPLE 35000₽,MiHonor
🇷🇺NOTE 14 PRO + 5G 8+256GB BLUE 37200₽,MiHonor
🇷🇺NOTE 14 PRO + 5G 8+256GB BLACK 37200₽,MiHonor
———————————————————,MiHonor
🇪🇺NOTE 14 PRO + 5G 12+512GB BLACK 39300₽8,MiHonor
🇪🇺NOTE 14 PRO + 5G 12+512GB PURPLE 39300₽,MiHonor
🇪🇺NOTE 14 PRO + 5G 12+512GB BLUE 39300₽,MiHonor
🇷🇺NOTE 14 PRO + 5G 12+512GB BLUE 40000₽,MiHonor
🇷🇺NOTE 14 PRO + 5G 12+512GB BLACK 40000₽,MiHonor
———————————————————,MiHonor
Xiaomi NOTE 13  13 PRO 13 PRO +,MiHonor
————————————————————,MiHonor
🇪🇺NOTE 13 PRO 8 256GB BLACK 21100₽,MiHonor
🇪🇺NOTE 13 PRO 8 256GB PURPLE 21100₽,MiHonor
———————————————————,MiHonor
🇷🇺NOTE 13 PRO 5G 8+256GB BLUE 25800₽3,MiHonor
———————————————————,MiHonor
🇪🇺NOTE 13 PRO 4G 12+512GB BLACK 25500₽,MiHonor
🇪🇺NOTE 13 PRO 4G 12+512GB GREEN 25500₽,MiHonor
🇪🇺NOTE 13 PRO 4G 12+512GB PURPLE 25500₽,MiHonor
———————————————————,MiHonor
🇷🇺NOTE 13 PRO 5G 12+512 BLACK 29900₽,MiHonor
🇷🇺NOTE 13 PRO 5G 12+512 BLUE 29900₽,MiHonor
🇬🇧NOTE 13 PRO 5G 12+512GB PURPLE 28700₽,MiHonor
🇬🇧NOTE 13 PRO 5G 12+512GB BLACK 28700₽,MiHonor
🇬🇧NOTE 13 PRO 5G 12+512GB TEAL 28700₽,MiHonor
🇪🇺NOTE 13 PRO 5G 12+512GB TEAL 28700₽,MiHonor
🇪🇺NOTE 13 PRO 5G 12+512GB PURPLE 28700₽7,MiHonor
———————————————————,MiHonor
🇪🇺NOTE 13 PRO + 8+256 5G BLACK 28900₽7,MiHonor
🇪🇺NOTE 13 PRO + 8+256GB 5G PURPLE 28900₽,MiHonor
🇪🇺NOTE 13 PRO + 8+256 5G WHITE 28900₽,MiHonor
———————————————————,MiHonor
🇪🇺NOTE 13 PRO + 12+512 5G BLACK 35000₽,MiHonor
🇪🇺NOTE 13 PRO + 12+512 5G PURPLE 35000₽,MiHonor
🇪🇺NOTE 13 PRO + 12+512 5G WHITE 35000₽,MiHonor
🇬🇧NOTE 13 PRO + 12+ 512 5G WHITE 34900₽,MiHonor
———————————————————,MiHonor
🇪🇺MI 13T 12+256GB BLUE 34500₽,MiHonor
🇬🇧MI 13T 12+256GB GREEN 34500₽6,MiHonor
————————————————————,MiHonor
🇪🇺MI 13T PRO 12+256B BLACK 44500₽9,MiHonor
————————————————————,MiHonor
🇬🇧MI 13T PRO 12+512GB BLACK 47300₽,MiHonor
🇬🇧MI 13T PRO 12+512GB GREEN 47300₽,MiHonor
🇪🇺MI 13T PRO 12+512GB BLACK 47400₽,MiHonor
🇪🇺MI 13T PRO 12+512GB BLUE 47400₽,MiHonor
🇪🇺MI 13T PRO 12+512GB GREEN 47400₽,MiHonor
————————————————————,MiHonor
🇪🇺MI 13T PRO 16+1024GB BLACK 49400₽,MiHonor
🇪🇺MI 13T PRO 16+1024GB BLUE 49400₽,MiHonor
,MiHonor
"MiHonor Оптом Apple Samsung Xiaomi, [28.01.2025 8:15]",MiHonor
🇪🇺MI 13T PRO 16+1024GB GREEN 49400₽,MiHonor
————————————————————,MiHonor
🇺🇸MI 14T 5G 12+256GB BLUE 38000₽,MiHonor
🇪🇺MI 14T 5G 12+256GB BLACK  38300₽,MiHonor
🇪🇺MI 14T 5G 12+256GB BLUE 38300₽,MiHonor
🇪🇺MI 14T 5G 12+256GB GREEN 38300₽,MiHonor
———————————————————,MiHonor
🇪🇺MI 14T 5G 12+512GB BLACK  41500₽,MiHonor
🇪🇺MI 14T 5G 12+512GB GRAY  41500₽,MiHonor
🇪🇺MI 14T 5G 12+512GB GREEN  41500₽,MiHonor
————————————————————,MiHonor
🇷🇺MI 14T PRO 12+256GB BLACK 53800₽,MiHonor
🇷🇺MI 14T PRO 12+256GB GREY 53800₽4,MiHonor
🇷🇺MI 14T PRO 12+256GB BLUE 53800₽74,MiHonor
————————————————————,MiHonor
🇬🇧MI 14T PRO 5G 12+512GB GRAY 55500₽,MiHonor
🇬🇧MI 14T PRO 5G 12+512GB BLACK 55500₽,MiHonor
🇪🇺MI 14T PRO 5G 12+512GB BLACK 56500₽,MiHonor
🇪🇺MI 14T PRO 5G 12+512GB BLUE 56500₽,MiHonor
🇪🇺MI 14T PRO 5G 12+512GB GRAY 56500₽,MiHonor
————————————————————,MiHonor
🇬🇧MI 14T PRO 5G 12+1024GB BLACK 61500₽,MiHonor
🇬🇧MI 14T PRO 5G 12+1024GB BLUE 61500₽7,MiHonor
🇬🇧MI 14T PRO 5G 12+1024GB GRAY 61500₽,MiHonor
🇪🇺MI 14T PRO 5G 12+1024GB BLUE 62700₽,MiHonor
🇪🇺MI 14T PRO 5G 12+1024GB GRAY 62700₽,MiHonor
————————————————————,MiHonor
                       *POCO*,MiHonor
————————————————————,MiHonor
🇷🇺POCO C61 4+128GB GREEN 6450₽,MiHonor
🇷🇺POCO C61 4+128GB WHITE 6450₽,MiHonor
🇷🇺POCO C61 4+128 BLACK 6450₽6,MiHonor
————————————————————,MiHonor
🇪🇺POCO M6 PRO 12+512GB BLACK 20450₽,MiHonor
🇪🇺POCO M6 PRO 12+512GB BLUE 20450₽,MiHonor
🇪🇺POCO M6 PRO 12+512GB PURPLE 20450₽,MiHonor
————————————————————,MiHonor
🇪🇺POCO F6 8 256GB BLACK 31800₽,MiHonor
🇪🇺POCO F6 8 256GB GREEN 31800₽2,MiHonor
————————————————————,MiHonor
🇪🇺POCO F6 PRO 12+512GB WHITE 44400₽,MiHonor
🇪🇺POCO F6 PRO 12+512GB BLACK 44300₽,MiHonor
———————————————————,MiHonor
🇪🇺POCO X7 12+512GB GREEN 29500₽,MiHonor
🇪🇺POCO X7 12+512GB BLACK 29500₽,MiHonor
🇪🇺POCO X7 12+512GB SILVER 29500₽,MiHonor
————————————————————,MiHonor
🇪🇺POCO X7 PRO 12+512GB YELLOW 36500₽,MiHonor
🇪🇺POCO X7 PRO 12+512GB GREEN 36500₽,MiHonor
🇪🇺POCO X7 PRO 12+512GB BLACK 36500₽1,MiHonor
————————————————————,MiHonor
                    🇷🇺*TECNO*🇷🇺,MiHonor
————————————————————,MiHonor
🇷🇺TECNO SPARK GO1 4+64GB BLACK 6100₽,MiHonor
————————————————————,MiHonor
🇷🇺TECNO SPARK 30 8+128GB BLACK 10200₽,MiHonor
,MiHonor
🇷🇺TECNO SPARK 30 8+256GB BLACK 11200₽,MiHonor
————————————————————,MiHonor
🇷🇺TECNO SPARK 30C 4+128GB BLACK 9200₽,MiHonor
🇷🇺TECNO SPARK 30C 4+128GB WHITE 9200₽,MiHonor
————————————————————,MiHonor
🇷🇺TECNO SPARK 30 PRO 8+128GB BLACK 13200₽8,MiHonor
🇷🇺TECNO SPARK 30 PRO 8+128GB WHITE 13200₽,MiHonor
————————————————————,MiHonor
🇷🇺TECNO CAMON 30S 8+128GB BLACK 13500₽,MiHonor
————————————————————,MiHonor
                 🤳*HONOR *🤳,MiHonor
————————————————————,MiHonor
🇷🇺HONOR X6b 4+128GB GREEN 9600₽,MiHonor
🇷🇺HONOR X6b 4+128GB BLACK 9600₽,MiHonor
————————————————————,MiHonor
🇷🇺HONOR X6b 6 256GB GREEN 10500₽,MiHonor
———————————————————,MiHonor
🇷🇺HONOR X7C 6+128GB BLACK 11500₽6,MiHonor
————————————————————,MiHonor
🇷🇺HONOR X9b 5G 8+256GB GREEN 20500₽,MiHonor
————————————————————,MiHonor
🇷🇺HONOR 200 8+256GB GREEN 31000₽,MiHonor
🇷🇺HONOR 200 8+256GB WHITE 31000₽9,MiHonor
————————————————————,MiHonor
🇷🇺HONOR 200 LITE 8+256GB BLACK 17300₽2,MiHonor
🇷🇺HONOR 200 LITE 8+256GB BLUE 17300₽,MiHonor
🇷🇺HONOR 200 LITE 8+256GB GREEN 17300₽,MiHonor
————————————————————,MiHonor
🇷🇺HONOR 200 PRO 12+512GB BLACK 50000₽,MiHonor
————————————————————,MiHonor
              🇷🇺*INFINIX*🇷🇺,MiHonor
————————————————————,MiHonor
🇷🇺INFINIX SMART 9 3+128GB GREEN 7450₽,MiHonor
🇷🇺INFINIX SMART 9 3+128GB GOLD 7450₽,MiHonor
————————————————————,MiHonor
🇷🇺INFINIX NOTE 30I 8+128GB BLACK 11200₽,MiHonor
————————————————————,MiHonor
🇷🇺INFINIX ZERO 40 8+256GB BLACK 20100₽,MiHonor
🇷🇺INFINIX ZERO 40 8+256GB GLOW 20100₽,MiHonor
🇷🇺INFINIX ZERO 40 8+256GB AQUA 20100₽,MiHonor
————————————————————,MiHonor
🇷🇺INFINIX HOT 50I 4+128GB BLACK 8550₽,MiHonor
🇷🇺INFINIX HOT 50I 4+128GB GRAY 8550₽,MiHonor
🇷🇺INFINIX HOT 50I 4+128GB GREEN 8550₽,MiHonor
————————————————————,MiHonor
🇷🇺INFINIX HOT 50I 6+128GB BLACK 9200₽,MiHonor
🇷🇺INFINIX HOT 50I 6+128GB GREY 9200₽,MiHonor
🇷🇺INFINIX HOT 50I 6+128GB GREEN 9200₽,MiHonor
🇷🇺INFINIX HOT 50I 6+128GB PURPLE 9200₽9,MiHonor
————————————————————,MiHonor
🇷🇺INFINIX HOT 50I 4+256GB BLACK  9600₽,MiHonor
🇷🇺INFINIX HOT 50I 4+256GB GREEN  9600₽,MiHonor
🇷🇺INFINIX HOT 50I 4+256GB GRAY  9600₽,MiHonor
🇷🇺INFINIX HOT 50I 4+256GB PURPLE 9600₽,MiHonor
————————————————————,MiHonor
🇷🇺INFINIX HOT 50 6+256GB BLACK 12150₽,MiHonor
🇷🇺INFINIX HOT 50 6+256GB GRAY 12150₽,MiHonor
🇷🇺INFINIX HOT 50 6+256GB GREEN 12150₽,MiHonor
————————————————————,MiHonor
🇷🇺INFINIX HOT 50 8+256GB BLACK 12350₽,MiHonor
🇷🇺INFINIX HOT 50 8+256GB GRAY 12350₽,MiHonor
🇷🇺INFINIX HOT 50 8+256GB GREEN 12350₽3,MiHonor
————————————————————,MiHonor
🇷🇺INFINIX HOT 50 PRO 8+128GB GREY 13600₽,MiHonor
🇷🇺INFINIX HOT 50 PRO 8+128GB BLACK 13600₽,MiHonor
🇷🇺INFINIX HOT 50 PRO 8+128GB BLUE 13600₽,MiHonor
————————————————————,MiHonor
,MiHonor
"MiHonor Оптом Apple Samsung Xiaomi, [28.01.2025 8:15]",MiHonor
🇷🇺INFINIX NOTE 40 PRO 12+256GB BLACK 22400₽,MiHonor
🇷🇺INFINIX NOTE 40 PRO 12+256GB GRAY 22400₽,MiHonor
————————————————————,MiHonor
🇷🇺INFINIX HOT 50 PRO +256GB GREY 15600₽1,MiHonor
————————————————————,MiHonor
🇷🇺REALME 12 8+256GB GREEN 15300₽,MiHonor
🇷🇺REALME 12 8+256GB BLUE 15300₽,MiHonor
————————————————————,MiHonor
🇷🇺REALME NOTE 50 4 128GB BLACK 6900₽,MiHonor
————————————————————,MiHonor
🇷🇺REALME NOTE 60X 3+64GB GREEN 6300₽,MiHonor
🇷🇺REALME NOTE 60X 3+64GB BLACK 6300₽,MiHonor
————————————————————,MiHonor
🇷🇺REALME NOTE 60 4+128GB BLACK 7500₽,MiHonor
🇷🇺REALME NOTE 60 4+128GB BLUE 7500₽,MiHonor
————————————————————,MiHonor
🇷🇺REALME C61 6+128GB GOLD 8350₽,MiHonor
🇷🇺REALME C61 6+128GB GREEN 8350₽,MiHonor
————————————————————,MiHonor
🇷🇺REALME C61 8+128GB GREEN 9900₽,MiHonor
————————————————————,MiHonor
🇷🇺REALME C61 8+256GB GOLD 10500₽,MiHonor
🇷🇺REALME C61 8+256GB GREEN 10500₽,MiHonor
————————————————————,MiHonor
🇷🇺REALME C63 6+128Gb BLUE 9900₽,MiHonor
————————————————————,MiHonor
🇷🇺REALME C67 8+256GB BLACK 13500₽1,MiHonor
————————————————————,MiHonor
*Электросамокат* +100кг,MiHonor
————————————————————,MiHonor
"🇷🇺Электросамокат NAVEE N20, K2A-N20AE 21500₽5",MiHonor
"🇷🇺Электросамокат NAVEE N30, K2A-N30AE 22500₽2",MiHonor
"🇷🇺Электросамокат NAVEE V40, NKT2208-A25 26000₽5",MiHonor
"🇷🇺Электросамокат NAVEE V40 PRO, NKT2208-A2 29500₽1",MiHonor
————————————————,MiHonor
🇷🇺Яндекс Станция Лайт 2  зеленый 4550₽2,MiHonor
🇷🇺Яндекс Станция Лайт 2  коралловый 4550₽3,MiHonor
———————————————————,MiHonor
🇷🇺Яндекс Станция Мини 3(с часами) серый 7650₽,MiHonor
🇷🇺Яндекс Станция Мини 3(с часами) черный 7800₽2,MiHonor
———————————————————,MiHonor
,MiHonor
САМОВЫВОЗ-НАШ АДРЕС:📍,MiHonor
,MiHonor
🍟Тихорецкий бульвар дом 1 стр 30,MiHonor
Павильон К43 К-45 К-46 К49 К51,MiHonor
,MiHonor
Г05,MiHonor
,MiHonor
Желаем всем хороших продаж!!,MiHonor
,MiHonor
Заказать,MiHonor
✅@Bekkorolev,MiHonor
📱+7-999-596-12-38,MiHonor
📲 +7-999-596-12-39,MiHonor
,MiHonor
Онлайн заказ,MiHonor
🗝@MIHONORBOT,MiHonor
Скидка на все товары -50₽,MiHonor
,MiHonor
Предзаказ Дубай,MiHonor
,MiHonor
@MIHONORDUBAI_BOT,MiHonor
"Депозит 500,000₽",MiHonor
"YouTakeAll ОПТ, [28.01.2025 10:19]",YouTakeAll
Meta Oculus Quest 3S 256GB🇯🇵 41700,YouTakeAll
,YouTakeAll
Steam Deck OLED 1TB🇬🇧 67200,YouTakeAll
,YouTakeAll
XBOX Series  S 512GB White🇪🇺 31800,YouTakeAll
,YouTakeAll
XBOX Series S 1TB Carbon Black🇬🇧 40500,YouTakeAll
,YouTakeAll
Sony PlayStation 4 Slim R3 1Tb🇯🇵 30600,YouTakeAll
,YouTakeAll
,YouTakeAll
Sony WH-1000XM4 Black🇯🇵 20500,YouTakeAll
,YouTakeAll
Sony WH-1000XM5 HeadPhone Black🇯🇵 25400,YouTakeAll
Sony WH-1000XM5/SM Platinum Silver🇯🇵 25400,YouTakeAll
,YouTakeAll
Sony Xperia 1IV Gaming Edition 16/512 Black XQ-CT72🇨🇳 71700,YouTakeAll
,YouTakeAll
⭕️  GOOGLE  ⭕️,YouTakeAll
,YouTakeAll
Pixel 6A 128 Charcoal🇺🇸 28100,YouTakeAll
,YouTakeAll
Pixel 6 Pro 128 Black🇯🇵 31900,YouTakeAll
Pixel 6 Pro 128 Sorta Sunny🇯🇵  31900,YouTakeAll
Pixel 6 Pro 128 White🇯🇵 31900,YouTakeAll
,YouTakeAll
Pixel 6 Pro 256 Stormy Black🇯🇵  35700,YouTakeAll
Pixel 6 Pro 256 Cloudy White🇺🇸 35700,YouTakeAll
,YouTakeAll
Pixel 7 128 Snow🇮🇳 30900,YouTakeAll
Pixel 7 128 Lemongrass🇮🇳 30600,YouTakeAll
,YouTakeAll
,YouTakeAll
Pixel 9 Pro XL 5G 256 Rose Quartz🇯🇵 86500,YouTakeAll
,YouTakeAll
Pixel Watch 2 LTE Matte Black Case / Obsidian Active Band🇬🇧 21500,YouTakeAll
Pixel Watch 2 LTE Polished Silver Case / Bay Band🇺🇸 21500,YouTakeAll
Pixel Watch 2 LTE Polished Silver Case / Porcelian Band🇬🇧 21500,YouTakeAll
Pixel Watch 2 LTE Champagne Gold Case / Hazel Active Band🇬🇧 21500,YouTakeAll
,YouTakeAll
Pixel Watch 3 WI-FI 45mm Polished Silver Case / Porcelian Active Band🇺🇸 28200,YouTakeAll
,YouTakeAll
,YouTakeAll
📷 GoPro 📷,YouTakeAll
,YouTakeAll
Hero 11 Black Mini🇺🇸 20000,YouTakeAll
,YouTakeAll
GoPro Hero 4K🇪🇺 20800,YouTakeAll
,YouTakeAll
📱  HUAWEI  📱,YouTakeAll
,YouTakeAll
Huawei Pura 70 Ultra 16/512 Black HBP-LX9🇬🇧 83500,YouTakeAll
Huawei Pura 70 Ultra 16/512 Green HBP-LX9🇬🇧 83500,YouTakeAll
,YouTakeAll
🍏  Apple  🍏,YouTakeAll
,YouTakeAll
Apple USB-C 20W Power Adapter A2347🇪🇺 1100,YouTakeAll
,YouTakeAll
➖  SAMSUNG   ➖,YouTakeAll
,YouTakeAll
A14 4/64 Black SM-A145F/DS🇦🇪 11900,YouTakeAll
A14 4/64 Light Green SM-A145P/DS🇦🇪 11900,YouTakeAll
,YouTakeAll
A16 4/128 Black SM-A165F/DS🇦🇪 12800,YouTakeAll
A16 4/128 Gray SM-A165F/DS🇦🇪 12800,YouTakeAll
A16 4/128 Light Green SM-A165F/DS🇦🇪 12800,YouTakeAll
,YouTakeAll
A16 5G 4/128 Blue Black SM-A166E/DS🇦🇪 16000,YouTakeAll
A16 5G 4/128 Light Gray SM-A166E/DS🇦🇪 16000,YouTakeAll
A16 5G 4/128 Light Green SM-A166E/DS🇦🇪 16000,YouTakeAll
,YouTakeAll
A25 5G 6/128 Blue Black SM-A256E/DSN🇦🇪 17000,YouTakeAll
A25 5G 6/128 Blue Black SM-A256E/DSN🇰🇿 17000,YouTakeAll
A25 5G 6/128 Light Blue SM-A256E/DSN🇦🇪 17000,YouTakeAll
A25 5G 6/128 Yellow SM-A256E/DSN🇦🇪 17000,YouTakeAll
,YouTakeAll
A35 5G 8/128 Navy SM-A356E/DS🇦🇪 23000,YouTakeAll
A35 5G 8/128 Navy SM-A356E/DS🇰🇿 23000,YouTakeAll
A35 5G 8/128 Ice Blue SM-A356E/DS🇰🇿 23000,YouTakeAll
A35 5G 8/128 Lemon SM-A356E/DS🇦🇪 23000,YouTakeAll
A35 5G 8/128 Ice Blue SM-A356E/DS🇦🇪 23000,YouTakeAll
,YouTakeAll
A35 5G 8/128 Lilac SM-A356E/DS🇰🇿 23000,YouTakeAll
A35 5G 8/256 Ice Blue SM-A356E/DS🇰🇿 24300,YouTakeAll
A35 5G 8/256 Ice Blue SM-A356E/DS🇦🇪 24300,YouTakeAll
A35 5G 8/256 Navy SM-A356E/DS🇰🇿 24600,YouTakeAll
A35 5G 8/256 Navy SM-A356E/DS🇦🇪 24600,YouTakeAll
A35 5G 8/256 Lilac SM-A356ELV/DS🇰🇿 24300,YouTakeAll
A35 5G 8/256 Lilac SM-A356E/DS🇦🇪 24300,YouTakeAll
A35 5G 8/256 Lemon SM-A356E/DS🇦🇪 24300,YouTakeAll
,YouTakeAll
A55 5G 8/128 Ice Blue SM-A556E/DS🇦🇪 27400,YouTakeAll
A55 5G 8/128 Navy SM-A556E/DS🇦🇪 27900,YouTakeAll
A55 5G 8/128 Lemon SM-A556E/DS🇨🇱 27900,YouTakeAll
A55 5G 8/128 Lemon SM-A556E/DS🇦🇪 27900,YouTakeAll
,YouTakeAll
A55 5G 8/256 Navy SM-A556E/DS🇦🇪 31300,YouTakeAll
,YouTakeAll
A55 5G 12/256 Navy SM-A556E/DS🇲🇾распак 31700,YouTakeAll
A55 5G 12/256 Iceblue SM-A556E/DS🇲🇾распак 31700,YouTakeAll
A55 5G 12/256 Lilac SM-A556E/DS🇲🇾распак 31700,YouTakeAll
,YouTakeAll
S22 8/128 Black SM-S901B/DS🇪🇺 41700,YouTakeAll
,YouTakeAll
S22 8/256 Purple S901E/DS🇦🇪 46000,YouTakeAll
,YouTakeAll
S22+ 8/128 White SM-S906E/DS🇦🇪 51000,YouTakeAll
,YouTakeAll
S22+ 8/256 Black SM-S906E/DS🇦🇪 53000,YouTakeAll
S22+ 8/256 White SM-S906E/DS🇦🇪 53000,YouTakeAll
,YouTakeAll
S22 Ultra 8/128 Black SM-S908B/DS🇦🇪 61700,YouTakeAll
,YouTakeAll
S22 Ultra 12/256 Burgundy SM-S908E/DS🇹🇭распак 65500,YouTakeAll
,YouTakeAll
S22 Ultra 12/512 Black SM-S908E/DS🇦🇪 75500,YouTakeAll
S22 Ultra 12/512 White SM-S908E/DS🇦🇪 75500,YouTakeAll
S23 FE 8/128 Graphite SM-711B/DS🇮🇳распак 33200,YouTakeAll
S23 FE 8/256 Mint SM-711B/DS🇮🇳распак 39500,YouTakeAll
,YouTakeAll
S23 8/128 Black SM-911B/DS🇮🇳распак 42700,YouTakeAll
S23 8/128 Cream SM-S911B/DS🇮🇳распак 42700,YouTakeAll
,YouTakeAll
S23 Ultra 12/256 Black SM-S918B/DS🇦🇪 68000,YouTakeAll
,YouTakeAll
S24 FE 8/256 Gray SM-S721B/DS🇦🇪 43900,YouTakeAll
S24 FE 8/256 Mint SM-S721B/DS🇦🇪 43900,YouTakeAll
S24 FE 8/256 Blue SM-S721B/DS🇦🇪 43900,YouTakeAll
,YouTakeAll
S24 FE 8/512 Graphite SM-S721B/DS🇦🇪 58600,YouTakeAll
S24 FE 8/512 Gray SM-S721B/DS🇲🇾распак 58000,YouTakeAll
S24 FE 8/512 Gray SM-S721B/DS🇦🇪 58600,YouTakeAll
,YouTakeAll
S24 8/128 Black SM-S921B/DS🇵🇾(распак) 54500,YouTakeAll
S24 8/128 Black SM-S921B/DS🇰🇿 55300,YouTakeAll
S24 8/128 Marble Gray SM-S921B/DS🇵🇾(распак) 54500,YouTakeAll
S24 8/128 Violet SM-S921B/DS🇵🇾(распак) 54500,YouTakeAll
S24 8/128 Violet SM-S921B/DS🇰🇿 55300,YouTakeAll
S24 8/128 Violet SM-S921B/DS🇨🇱 54500,YouTakeAll
S24 8/128 Yellow SM-S921B/DS🇰🇿 55300,YouTakeAll
,YouTakeAll
S24 8/256 Gray SM-S9210🇭🇰распак 58700,YouTakeAll
S24 8/256 Jade Green SM-S921B/DS🇦🇪 61500,YouTakeAll
,YouTakeAll
"YouTakeAll ОПТ, [28.01.2025 10:19]",YouTakeAll
S24 + 12/256 Black SM-S926B/DS🇦🇪 68300,YouTakeAll
,YouTakeAll
S24 + 12/256 Black SM-S926B/DS🇮🇳(распак) 66200,YouTakeAll
S24 + 12/256 Gray SM-S926B/DS🇦🇪 68000,YouTakeAll
S24 + 12/256 Violet SM-S926B/DS🇦🇪 68000,YouTakeAll
S24 Ultra 12/256 Black SM-S928B/DS🇨🇱 79000,YouTakeAll
S24 Ultra 12/256 Black SM-S928B/DS🇲🇾распак 79000,YouTakeAll
S24 Ultra 12/256 Grey SM-S928B/DS🇲🇾распак 79000,YouTakeAll
,YouTakeAll
S24 Ultra 12/256 Violet SM-S928B/DS🇲🇾распак 79000,YouTakeAll
S24 Ultra 12/512 Black SM-S928B/DS🇦🇪 93000,YouTakeAll
S24 Ultra 12/512 Black SM-S928B/DS🇪🇺 93000,YouTakeAll
S24 Ultra 12/512 Gray SM-S928B/DS🇪🇺 93000,YouTakeAll
,YouTakeAll
,YouTakeAll
Z Flip6 12/256 Blue SM-F741B🇲🇾распак 70600,YouTakeAll
Z Flip6 12/256 Mint SM-F741B🇲🇾распак 70600,YouTakeAll
,YouTakeAll
Z Flip6 12/512 Silver Shadow SM-F741B🇰🇿 74500,YouTakeAll
Z Flip6 12/512 Silver Shadow SM-F741B🇦🇪 74500,YouTakeAll
Z Flip6 12/512 Blue SM-F741B🇰🇿 74500,YouTakeAll
Z Flip6 12/512 Blue SM-F741B🇦🇪 74500,YouTakeAll
Z Flip6 12/512 Blue SM-F741B🇲🇾распак 74200,YouTakeAll
Z Flip6 12/512 Peach SM-F741B🇲🇾распак 74200,YouTakeAll
Z Flip6 12/512 Yellow SM-F741B🇦🇪 74200,YouTakeAll
,YouTakeAll
Z Fold5 12/256 Black SM-F946B/DS🇿🇦 93700,YouTakeAll
Z Fold5 12/256 Ice Blue SM-F946B/DS🇿🇦 93700,YouTakeAll
Z Fold5 12/1TB Cream SM-F946B/DS🇲🇾распак 104000,YouTakeAll
,YouTakeAll
Z Fold6 12/256 Pink SM-F956B/DS🇰🇿 117000,YouTakeAll
Z Fold6 12/512 Pink SM-F956B/DS🇰🇿 127700,YouTakeAll
,YouTakeAll
Galaxy Buds 3 White SM-R530🇦🇪 8600,YouTakeAll
Galaxy Buds 3 White SM-R530🇹🇭 8600,YouTakeAll
,YouTakeAll
Buds 3 Pro White SM-R630🇬🇧 14100,YouTakeAll
Buds 3 Pro White SM-R630🇦🇪 14100,YouTakeAll
,YouTakeAll
Galaxy Watch4 46mm Classic SM-R890 Black🇪🇺 11700,YouTakeAll
,YouTakeAll
Galaxy Watch6 Classic 43mm Black SM-R950🇦🇪 15800,YouTakeAll
,YouTakeAll
Galaxy Watch6 Classic 47mm LTE Silver SM-R965F🇦🇪 21800,YouTakeAll
,YouTakeAll
Galaxy Watch7 44mm Silver SM-L310🇦🇪 20900,YouTakeAll
,YouTakeAll
🇪🇺 Xiaomi 🇪🇺,YouTakeAll
,YouTakeAll
Redmi 12 8/256 Blue NFC🇷🇺 10200,YouTakeAll
,YouTakeAll
Redmi 13 6/128 Black🇷🇺 10600,YouTakeAll
Redmi 13 6/128 Gold🇷🇺 10600,YouTakeAll
,YouTakeAll
Redmi 13 8/256 Black🇷🇺 13200,YouTakeAll
Redmi 13 8/256 Blue🇷🇺 13200,YouTakeAll
,YouTakeAll
Redmi 14C 4/128 Midnight Black🇷🇺 8000,YouTakeAll
Redmi 14C 4/128 Dreamy Purple🇷🇺 8000,YouTakeAll
Redmi 14C 4/128 Sage Green🇷🇺 8000,YouTakeAll
Redmi 14C 4/128 Starry Blue🇷🇺 8000,YouTakeAll
,YouTakeAll
Redmi 14C 8/256 Midnight Black🇷🇺 10000,YouTakeAll
Redmi 14C 8/256 Sage Green🇷🇺 10000,YouTakeAll
Redmi 14C 8/256 Starry Blue🇷🇺 10000,YouTakeAll
,YouTakeAll
Note 13 Pro 12/512 Midnight Black🇷🇺 25500,YouTakeAll
,YouTakeAll
GARMIN,YouTakeAll
,YouTakeAll
GARMIN VIVOSMART 5 WHITE S/M 010-02645-11🇪🇺 12000,YouTakeAll
,YouTakeAll
GARMIN MARQ GOLFER (GEN 2) - CARBON EDITION 010-02722-21🇪🇺 235000,YouTakeAll
,YouTakeAll
Garmin Fenix E 47 MM AMOLED SlateGray 010-03025-01🇪🇺 62000,YouTakeAll
Garmin Fenix E 47 MM AMOLED Stainless 010-03025-00🇪🇺 62000,YouTakeAll
,YouTakeAll
GARMIN EPIX PRO (GEN 2) SAPPHIRE EDITION 42MM SOFT GOLD 010-02802-20🇪🇺 83500,YouTakeAll
GARMIN EPIX PRO (GEN 2) SAPPHIRE EDITION 42MM CARBON 010-02802-15🇪🇺 78000,YouTakeAll
GARMIN EPIX PRO (GEN 2) STANDARD EDITION 42MM SILVER 010-02802-11🇪🇺 78000,YouTakeAll
,YouTakeAll
GARMIN EPIX PRO (GEN 2) STANDARD EDITION 51MM SLATE GRAY 010-02804-21🇪🇺 79000,YouTakeAll
GARMIN EPIX PRO (GEN 2) SAPPHIRE EDITION 51MM CARBON GRAY 010-02804-30🇪🇺 91000,YouTakeAll
GARMIN EPIX PRO (GEN 2) SAPPHIRE EDITION 51MM CARBON GRAY 010-02804-01🇪🇺 88000,YouTakeAll
,YouTakeAll
GARMIN EPIX PRO (GEN 2) STANDARD EDITION 42MM SILVER 010-02802-01🇪🇺 69000,YouTakeAll
"Прайс 112, [28.01.2025 10:05]",112пав
💥Старая Горбушка💥,112пав
,112пав
1️⃣1️⃣2️⃣,112пав
@alexandr112,112пав
,112пав
AirPods 4 (HN) - 13000,112пав
AirPods Pro 2 Type-C (LL) - 19600,112пав
,112пав
AirPods Max Silver - 47000,112пав
,112пав
AirPods Max 2 Starlight - 55000,112пав
AirPods Max 2 Purple - 55000,112пав
,112пав
Pencil USB-С (ZA) - 9300,112пав
Pencil Pro (ZA) - 12500,112пав
,112пав
12 128 Purple - 41000🇵🇾,112пав
,112пав
14 128 Red - 53000🇮🇳,112пав
14 128 Yellow - 52500🇮🇳,112пав
,112пав
14 256 Midnight - 71000🇯🇵🇮🇳,112пав
14 256 Midnight - 72000🇪🇺,112пав
14 256 Blue - 73000🇮🇳,112пав
14 256 Purple - 71500🇮🇳,112пав
,112пав
14 512 Purple - 77000🇪🇺,112пав
14 512 Red - 74000🇪🇺,112пав
14 512 Yellow - 74000🇪🇺,112пав
,112пав
14 Plus 512 Starlight - 80000🇨🇦,112пав
14 Plus 512 Blue - 81000🇨🇦,112пав
14 Plus 512 Purple - 81000🇨🇦,112пав
14 Plus 512 Yellow - 78000🇨🇦🇦🇪,112пав
,112пав
15 128 Black - 63000🇯🇵,112пав
15 128 Blue - 65000🇮🇳,112пав
15 128 Pink - 64500🇮🇳,112пав
15 128 Green - 63000🇯🇵,112пав
,112пав
15 256 Black - 75000🇮🇳,112пав
15 256 Black - 75500🇪🇺,112пав
15 256 Blue - 75000🇮🇳,112пав
15 256 Green - 75000🇮🇳,112пав
15 256 Green - 75500🇪🇺,112пав
15 256 Pink - 75000🇮🇳,112пав
15 256 Yellow - 80000🇦🇪,112пав
,112пав
15 Pro Max 1Tb Black - 131000🇮🇳,112пав
15 Pro Max 1Tb Blue - 130000🇪🇺,112пав
15 Pro Max 1Tb Natural - 133000🇸🇬,112пав
15 Pro Max 1Tb Natural - 134000🇪🇺,112пав
,112пав
16 128 Black - 74000🇮🇳,112пав
16 128 Pink - 74000🇮🇳,112пав
16 128 Teal - 74000🇮🇳,112пав
16 128 Ultramarine - 74000🇮🇳,112пав
,112пав
16 256 Ultramarine - 86000🇯🇵,112пав
,112пав
"Прайс 112, [28.01.2025 10:05]",112пав
⌚️APPLE WATCH⌚️,112пав
,112пав
SE2 40 S/M silver (2023) - 19600🇺🇸,112пав
,112пав
SE2 40 S/M midnight (2024) - 19500🇺🇸,112пав
SE2 40 S/M silver (2024) - 19800🇺🇸,112пав
SE2 40 S/M starlight (2024) - 19000🇺🇸,112пав
SE2 40 Loop starlight/Green (2024) - 19000🇺🇸,112пав
,112пав
SE2 44 M/L midnight (2024) - 21800🇺🇸,112пав
SE2 44 Loop midnight (2024) - 21800🇺🇸,112пав
SE2 44 M/L starlight (2024) - 22500🇺🇸,112пав
SE2 44 Loop starlight/Green (2024) - 22500🇺🇸,112пав
,112пав
S9 41 M/L Red - 35000🇶🇦,112пав
,112пав
S9 45 S/M midnight - 32800🇮🇳,112пав
S9 45 S/M Silver/Blue - 36000🇮🇳,112пав
S9 45 M/L Silver/Blue - 36000🇶🇦,112пав
S9 45 M/L starlight  - 36000🇺🇸🇮🇳,112пав
S9 45 M/L Red - 36000🇶🇦,112пав
S9 45 S/M Red - 36000🇶🇦,112пав
,112пав
S10 42 S/M Jet Black/Black - 38000🇺🇸,112пав
S10 42 M/L Jet Black/Black - 38000🇺🇸,112пав
S10 42 Loop Jet Black/Ink - 38000🇺🇸,112пав
S10 42 S/M Silver/Denim - 39000🇺🇸,112пав
S10 42 M/L Silver/Nike - 39000🇺🇸,112пав
S10 42 Loop Silver/Cloud - 39000🇺🇸,112пав
S10 42 S/M Rose Gold/L.Blush - 38500🇺🇸,112пав
S10 42 M/L Rose Gold/L.Blush - 38500🇺🇸,112пав
,112пав
S10 46 M/L Silver/Denim - 40000🇺🇸,112пав
S10 46 M/L Rose Gold/L.Blush - 40500🇺🇸,112пав
S10 46 M/L Jet Black/Black - 37000🇺🇸(обменка),112пав
,112пав
📱IPAD📱,112пав
,112пав
iPad 10 256 Silver Wi-Fi - 48500🇺🇸,112пав
iPad 10 256 Blue Wi-Fi - 48500🇺🇸,112пав
iPad 10 256 Pink Wi-Fi -48500🇦🇪,112пав
,112пав
Air 5 64 Gray Wi-Fi - 48500🇦🇪,112пав
,112пав
Air 11 M2 128 Starlight Wi-Fi - 60000🇸🇬,112пав
Air 11 M2 128 Purple Wi-Fi - 59000🇸🇬,112пав
,112пав
Pro 13 M4 256 Black Wi-Fi - 123000🇺🇸,112пав
,112пав
📱SAMSUNG📱,112пав
,112пав
🔌 Adapter 25W PD 2-pin Black - 1500,112пав
,112пав
Galaxy Buds 3 White - 10000,112пав
Galaxy Buds 3 Pro White - 15000,112пав
,112пав
A05 4/64 Black - 8600🇷🇺.,112пав
,112пав
A06 4/64 Light Blue - 8700🇰🇿.,112пав
,112пав
A16 4/128 Black - 14100🇦🇪.,112пав
A16 4/128 Green - 14100🇦🇪.,112пав
A16 4/128 Grey - 14100🇦🇪.,112пав
A16 8/256 Black - 17600🇦🇪.,112пав
A16 8/256 Green -17600🇦🇪.,112пав
A16 8/256 Grey - 17600🇦🇪.,112пав
,112пав
A25 6/128 Blue Black 5G - 18700🇦🇪.,112пав
,112пав
A35 8/128 Navy - 23500🇰🇿,112пав
,112пав
A55 8/128 Navy - 29000🇰🇿,112пав
A55 8/128 Lilac - 29500🇰🇿,112пав
A55 8/128 Lemon- 29500🇵🇾,112пав
A55 8/256 Navy - 32000🇿🇦,112пав
,112пав
Tab A9 X115 4/64 LTE Navy - 12200🇷🇺.,112пав
Tab A9 X115 4/64 LTE Graphite - 12200🇷🇺.,112пав
,112пав
Galaxy Watch 6 R940 44mm Black 15500🇰🇿.,112пав
Galaxy Watch 6 Classic R950 43mm Silver 16500🇦🇪.,112пав
Galaxy Watch 6 Classic R960 47mm Silver 17500🇦🇪.,112пав
,112пав
📱Xiaomi📱,112пав
,112пав
Redmi 12 8/256 Blue - 10700🇷🇺.,112пав
,112пав
Redmi Note 11S 8/128 Blue - 15000🇪🇺,112пав
,112пав
Note 14 8/256 Black 4G - 18800🇷🇺,112пав
Note 14 8/256 Green 4G - 18800🇷🇺,112пав
,112пав
Realme Note 50 3/64 black - 5300🇷🇺.,112пав
,112пав
Poco C75 6/128 Black - 9200🇷🇺.,112пав
Poco C75 6/128 Green - 9200🇷🇺.,112пав
Poco M6 6/128 Black - 12000🇷🇺.,112пав
,112пав
Poco X6 Pro 12/512 Grey 5G - 29500🇪🇺,112пав
,112пав
Honor X6A 6/128 Черный - 11500🇷🇺,112пав
Honor X6A 6/128 Голубой - 11500🇷🇺,112пав
,112пав
Honor 200 Lite 8/256 Blue - 17800🇷🇺.,112пав
Honor 200 Lite 8/256 Green - 17800🇷🇺.,112пав
,112пав
,112пав
——————————————————,112пав
‼️Гарантия с момента покупки устройства действует 7 дней‼️,112пав
,112пав
"‼️Возврат телефонов с механическими повреждениями (сколы, царапины, потертости и тд), обсуждаются до активации устройства‼️",112пав
,112пав
‼️Возврат брака принимаем только  в первоначальном виде‼️,112пав
,112пав
Для связи @alexandr112,112пав